"","Fecha","Unidades"
"1",2012-01-01,0
"2",2012-01-02,566
"3",2012-01-03,692
"4",2012-01-04,928
"5",2012-01-05,1067
"6",2012-01-06,923
"7",2012-01-07,498
"8",2012-01-08,0
"9",2012-01-09,0
"10",2012-01-10,986
"11",2012-01-11,958
"12",2012-01-12,1077
"13",2012-01-13,934
"14",2012-01-14,566
"15",2012-01-15,1
"16",2012-01-16,833
"17",2012-01-17,972
"18",2012-01-18,1017
"19",2012-01-19,1036
"20",2012-01-20,888
"21",2012-01-21,472
"22",2012-01-22,0
"23",2012-01-23,796
"24",2012-01-24,930
"25",2012-01-25,1054
"26",2012-01-26,1108
"27",2012-01-27,960
"28",2012-01-28,522
"29",2012-01-29,0
"30",2012-01-30,883
"31",2012-01-31,1023
"32",2012-02-01,1114
"33",2012-02-02,1206
"34",2012-02-03,1042
"35",2012-02-04,560
"36",2012-02-05,0
"37",2012-02-06,912
"38",2012-02-07,1102
"39",2012-02-08,1270
"40",2012-02-09,1222
"41",2012-02-10,1016
"42",2012-02-11,616
"43",2012-02-12,1
"44",2012-02-13,944
"45",2012-02-14,1108
"46",2012-02-15,1178
"47",2012-02-16,1206
"48",2012-02-17,1028
"49",2012-02-18,551
"50",2012-02-19,0
"51",2012-02-20,812
"52",2012-02-21,962
"53",2012-02-22,1168
"54",2012-02-23,1270
"55",2012-02-24,1107
"56",2012-02-25,552
"57",2012-02-26,8
"58",2012-02-27,1008
"59",2012-02-28,1104
"60",2012-02-29,1250
"61",2012-03-01,1218
"62",2012-03-02,1049
"63",2012-03-03,577
"64",2012-03-04,0
"65",2012-03-05,1019
"66",2012-03-06,1204
"67",2012-03-07,1320
"68",2012-03-08,1338
"69",2012-03-09,1075
"70",2012-03-10,545
"71",2012-03-11,1
"72",2012-03-12,982
"73",2012-03-13,1190
"74",2012-03-14,1288
"75",2012-03-15,1320
"76",2012-03-16,1100
"77",2012-03-17,633
"78",2012-03-18,0
"79",2012-03-19,0
"80",2012-03-20,1061
"81",2012-03-21,1176
"82",2012-03-22,1326
"83",2012-03-23,1066
"84",2012-03-24,578
"85",2012-03-25,8
"86",2012-03-26,1024
"87",2012-03-27,1246
"88",2012-03-28,1337
"89",2012-03-29,1524
"90",2012-03-30,1146
"91",2012-03-31,702
"92",2012-04-01,0
"93",2012-04-02,1048
"94",2012-04-03,1277
"95",2012-04-04,1322
"96",2012-04-05,6
"97",2012-04-06,6
"98",2012-04-07,292
"99",2012-04-08,9
"100",2012-04-09,980
"101",2012-04-10,1196
"102",2012-04-11,1386
"103",2012-04-12,1421
"104",2012-04-13,1176
"105",2012-04-14,590
"106",2012-04-15,4
"107",2012-04-16,924
"108",2012-04-17,1124
"109",2012-04-18,1206
"110",2012-04-19,1318
"111",2012-04-20,1030
"112",2012-04-21,582
"113",2012-04-22,12
"114",2012-04-23,1000
"115",2012-04-24,1102
"116",2012-04-25,1203
"117",2012-04-26,1140
"118",2012-04-27,964
"119",2012-04-28,543
"120",2012-04-29,16
"121",2012-04-30,1077
"122",2012-05-01,6
"123",2012-05-02,1195
"124",2012-05-03,1126
"125",2012-05-04,1044
"126",2012-05-05,512
"127",2012-05-06,2
"128",2012-05-07,1015
"129",2012-05-08,1240
"130",2012-05-09,1410
"131",2012-05-10,1432
"132",2012-05-11,1112
"133",2012-05-12,644
"134",2012-05-13,0
"135",2012-05-14,1011
"136",2012-05-15,1178
"137",2012-05-16,1334
"138",2012-05-17,1267
"139",2012-05-18,1138
"140",2012-05-19,594
"141",2012-05-20,11
"142",2012-05-21,4
"143",2012-05-22,1029
"144",2012-05-23,1136
"145",2012-05-24,1211
"146",2012-05-25,927
"147",2012-05-26,660
"148",2012-05-27,11
"149",2012-05-28,967
"150",2012-05-29,987
"151",2012-05-30,1294
"152",2012-05-31,1384
"153",2012-06-01,1030
"154",2012-06-02,555
"155",2012-06-03,1
"156",2012-06-04,987
"157",2012-06-05,1092
"158",2012-06-06,1320
"159",2012-06-07,1392
"160",2012-06-08,1200
"161",2012-06-09,695
"162",2012-06-10,0
"163",2012-06-11,0
"164",2012-06-12,1162
"165",2012-06-13,1196
"166",2012-06-14,1294
"167",2012-06-15,1146
"168",2012-06-16,628
"169",2012-06-17,11
"170",2012-06-18,11
"171",2012-06-19,1037
"172",2012-06-20,1146
"173",2012-06-21,1315
"174",2012-06-22,1080
"175",2012-06-23,611
"176",2012-06-24,6
"177",2012-06-25,734
"178",2012-06-26,938
"179",2012-06-27,1254
"180",2012-06-28,1424
"181",2012-06-29,1167
"182",2012-06-30,646
"183",2012-07-01,1
"184",2012-07-02,1
"185",2012-07-03,1057
"186",2012-07-04,1194
"187",2012-07-05,1346
"188",2012-07-06,1186
"189",2012-07-07,736
"190",2012-07-08,6
"191",2012-07-09,1041
"192",2012-07-10,1104
"193",2012-07-11,1241
"194",2012-07-12,1353
"195",2012-07-13,1120
"196",2012-07-14,654
"197",2012-07-15,13
"198",2012-07-16,886
"199",2012-07-17,1026
"200",2012-07-18,1229
"201",2012-07-19,1329
"202",2012-07-20,34
"203",2012-07-21,383
"204",2012-07-22,2
"205",2012-07-23,850
"206",2012-07-24,995
"207",2012-07-25,1318
"208",2012-07-26,1398
"209",2012-07-27,1121
"210",2012-07-28,660
"211",2012-07-29,18
"212",2012-07-30,986
"213",2012-07-31,1143
"214",2012-08-01,1175
"215",2012-08-02,1241
"216",2012-08-03,1103
"217",2012-08-04,663
"218",2012-08-05,0
"219",2012-08-06,876
"220",2012-08-07,6
"221",2012-08-08,1195
"222",2012-08-09,1272
"223",2012-08-10,1152
"224",2012-08-11,654
"225",2012-08-12,13
"226",2012-08-13,1012
"227",2012-08-14,1130
"228",2012-08-15,1251
"229",2012-08-16,1297
"230",2012-08-17,1053
"231",2012-08-18,582
"232",2012-08-19,0
"233",2012-08-20,0
"234",2012-08-21,968
"235",2012-08-22,1097
"236",2012-08-23,1168
"237",2012-08-24,1014
"238",2012-08-25,576
"239",2012-08-26,26
"240",2012-08-27,948
"241",2012-08-28,1028
"242",2012-08-29,1218
"243",2012-08-30,1271
"244",2012-08-31,1318
"245",2012-09-01,608
"246",2012-09-02,3
"247",2012-09-03,902
"248",2012-09-04,996
"249",2012-09-05,1173
"250",2012-09-06,1259
"251",2012-09-07,1124
"252",2012-09-08,635
"253",2012-09-09,15
"254",2012-09-10,1118
"255",2012-09-11,1214
"256",2012-09-12,1322
"257",2012-09-13,1351
"258",2012-09-14,1103
"259",2012-09-15,597
"260",2012-09-16,10
"261",2012-09-17,939
"262",2012-09-18,984
"263",2012-09-19,1157
"264",2012-09-20,1189
"265",2012-09-21,1054
"266",2012-09-22,606
"267",2012-09-23,28
"268",2012-09-24,883
"269",2012-09-25,1054
"270",2012-09-26,1204
"271",2012-09-27,1304
"272",2012-09-28,1094
"273",2012-09-29,635
"274",2012-09-30,16
"275",2012-10-01,940
"276",2012-10-02,1053
"277",2012-10-03,1194
"278",2012-10-04,1340
"279",2012-10-05,1098
"280",2012-10-06,634
"281",2012-10-07,10
"282",2012-10-08,1120
"283",2012-10-09,1227
"284",2012-10-10,1295
"285",2012-10-11,1334
"286",2012-10-12,1054
"287",2012-10-13,586
"288",2012-10-14,4
"289",2012-10-15,4
"290",2012-10-16,890
"291",2012-10-17,987
"292",2012-10-18,1137
"293",2012-10-19,948
"294",2012-10-20,584
"295",2012-10-21,12
"296",2012-10-22,902
"297",2012-10-23,1029
"298",2012-10-24,1171
"299",2012-10-25,1219
"300",2012-10-26,1031
"301",2012-10-27,570
"302",2012-10-28,0
"303",2012-10-29,975
"304",2012-10-30,1121
"305",2012-10-31,1303
"306",2012-11-01,1260
"307",2012-11-02,1014
"308",2012-11-03,608
"309",2012-11-04,3
"310",2012-11-05,2
"311",2012-11-06,1088
"312",2012-11-07,1219
"313",2012-11-08,1389
"314",2012-11-09,1167
"315",2012-11-10,575
"316",2012-11-11,4
"317",2012-11-12,0
"318",2012-11-13,1083
"319",2012-11-14,1233
"320",2012-11-15,1340
"321",2012-11-16,1141
"322",2012-11-17,601
"323",2012-11-18,2
"324",2012-11-19,997
"325",2012-11-20,1194
"326",2012-11-21,1309
"327",2012-11-22,1381
"328",2012-11-23,1205
"329",2012-11-24,698
"330",2012-11-25,0
"331",2012-11-26,859
"332",2012-11-27,1169
"333",2012-11-28,1289
"334",2012-11-29,1564
"335",2012-11-30,1772
"336",2012-12-01,576
"337",2012-12-02,2
"338",2012-12-03,966
"339",2012-12-04,1165
"340",2012-12-05,1410
"341",2012-12-06,1585
"342",2012-12-07,1528
"343",2012-12-08,12
"344",2012-12-09,0
"345",2012-12-10,1194
"346",2012-12-11,1351
"347",2012-12-12,1570
"348",2012-12-13,1656
"349",2012-12-14,1347
"350",2012-12-15,784
"351",2012-12-16,1
"352",2012-12-17,1217
"353",2012-12-18,1506
"354",2012-12-19,1727
"355",2012-12-20,1830
"356",2012-12-21,1590
"357",2012-12-22,1147
"358",2012-12-23,1
"359",2012-12-24,966
"360",2012-12-25,0
"361",2012-12-26,1408
"362",2012-12-27,1748
"363",2012-12-28,1748
"364",2012-12-29,1528
"365",2012-12-30,0
"366",2012-12-31,856
"367",2013-01-01,0
"368",2013-01-02,692
"369",2013-01-03,665
"370",2013-01-04,641
"371",2013-01-05,404
"372",2013-01-06,0
"373",2013-01-07,0
"374",2013-01-08,857
"375",2013-01-09,951
"376",2013-01-10,1045
"377",2013-01-11,880
"378",2013-01-12,484
"379",2013-01-13,1
"380",2013-01-14,844
"381",2013-01-15,938
"382",2013-01-16,1057
"383",2013-01-17,1038
"384",2013-01-18,887
"385",2013-01-19,446
"386",2013-01-20,0
"387",2013-01-21,762
"388",2013-01-22,902
"389",2013-01-23,940
"390",2013-01-24,966
"391",2013-01-25,796
"392",2013-01-26,482
"393",2013-01-27,1
"394",2013-01-28,842
"395",2013-01-29,1022
"396",2013-01-30,1100
"397",2013-01-31,1188
"398",2013-02-01,784
"399",2013-02-02,442
"400",2013-02-03,0
"401",2013-02-04,789
"402",2013-02-05,943
"403",2013-02-06,1082
"404",2013-02-07,1171
"405",2013-02-08,957
"406",2013-02-09,534
"407",2013-02-10,1
"408",2013-02-11,841
"409",2013-02-12,972
"410",2013-02-13,1067
"411",2013-02-14,1168
"412",2013-02-15,984
"413",2013-02-16,540
"414",2013-02-17,0
"415",2013-02-18,835
"416",2013-02-19,1025
"417",2013-02-20,1134
"418",2013-02-21,1178
"419",2013-02-22,1028
"420",2013-02-23,559
"421",2013-02-24,0
"422",2013-02-25,884
"423",2013-02-26,990
"424",2013-02-27,1167
"425",2013-02-28,1100
"426",2013-03-01,908
"427",2013-03-02,452
"428",2013-03-03,8
"429",2013-03-04,734
"430",2013-03-05,891
"431",2013-03-06,1089
"432",2013-03-07,1142
"433",2013-03-08,970
"434",2013-03-09,538
"435",2013-03-10,9
"436",2013-03-11,905
"437",2013-03-12,1000
"438",2013-03-13,1133
"439",2013-03-14,1199
"440",2013-03-15,1042
"441",2013-03-16,585
"442",2013-03-17,4
"443",2013-03-18,895
"444",2013-03-19,1114
"445",2013-03-20,1286
"446",2013-03-21,1374
"447",2013-03-22,1179
"448",2013-03-23,708
"449",2013-03-24,0
"450",2013-03-25,0
"451",2013-03-26,1066
"452",2013-03-27,1088
"453",2013-03-28,4
"454",2013-03-29,4
"455",2013-03-30,388
"456",2013-03-31,9
"457",2013-04-01,847
"458",2013-04-02,920
"459",2013-04-03,1124
"460",2013-04-04,1185
"461",2013-04-05,1029
"462",2013-04-06,590
"463",2013-04-07,10
"464",2013-04-08,822
"465",2013-04-09,989
"466",2013-04-10,1238
"467",2013-04-11,1299
"468",2013-04-12,1146
"469",2013-04-13,582
"470",2013-04-14,4
"471",2013-04-15,895
"472",2013-04-16,1006
"473",2013-04-17,1171
"474",2013-04-18,1169
"475",2013-04-19,988
"476",2013-04-20,593
"477",2013-04-21,0
"478",2013-04-22,900
"479",2013-04-23,1029
"480",2013-04-24,1163
"481",2013-04-25,1309
"482",2013-04-26,1088
"483",2013-04-27,532
"484",2013-04-28,10
"485",2013-04-29,1208
"486",2013-04-30,1268
"487",2013-05-01,6
"488",2013-05-02,1164
"489",2013-05-03,968
"490",2013-05-04,540
"491",2013-05-05,10
"492",2013-05-06,715
"493",2013-05-07,866
"494",2013-05-08,1132
"495",2013-05-09,1395
"496",2013-05-10,1151
"497",2013-05-11,661
"498",2013-05-12,4
"499",2013-05-13,4
"500",2013-05-14,1000
"501",2013-05-15,1096
"502",2013-05-16,1192
"503",2013-05-17,975
"504",2013-05-18,584
"505",2013-05-19,4
"506",2013-05-20,891
"507",2013-05-21,988
"508",2013-05-22,1127
"509",2013-05-23,1192
"510",2013-05-24,1020
"511",2013-05-25,536
"512",2013-05-26,1
"513",2013-05-27,957
"514",2013-05-28,1238
"515",2013-05-29,1312
"516",2013-05-30,1470
"517",2013-05-31,1640
"518",2013-06-01,545
"519",2013-06-02,2
"520",2013-06-03,1
"521",2013-06-04,779
"522",2013-06-05,1000
"523",2013-06-06,1184
"524",2013-06-07,1026
"525",2013-06-08,617
"526",2013-06-09,0
"527",2013-06-10,0
"528",2013-06-11,1001
"529",2013-06-12,1092
"530",2013-06-13,1216
"531",2013-06-14,1026
"532",2013-06-15,578
"533",2013-06-16,0
"534",2013-06-17,815
"535",2013-06-18,999
"536",2013-06-19,1099
"537",2013-06-20,1233
"538",2013-06-21,1014
"539",2013-06-22,570
"540",2013-06-23,1
"541",2013-06-24,987
"542",2013-06-25,1094
"543",2013-06-26,1378
"544",2013-06-27,1434
"545",2013-06-28,1243
"546",2013-06-29,874
"547",2013-06-30,6
"548",2013-07-01,1
"549",2013-07-02,744
"550",2013-07-03,976
"551",2013-07-04,1129
"552",2013-07-05,1033
"553",2013-07-06,583
"554",2013-07-07,0
"555",2013-07-08,902
"556",2013-07-09,1032
"557",2013-07-10,1230
"558",2013-07-11,1268
"559",2013-07-12,1033
"560",2013-07-13,630
"561",2013-07-14,1
"562",2013-07-15,907
"563",2013-07-16,934
"564",2013-07-17,1142
"565",2013-07-18,1206
"566",2013-07-19,1248
"567",2013-07-20,34
"568",2013-07-21,0
"569",2013-07-22,824
"570",2013-07-23,1120
"571",2013-07-24,1212
"572",2013-07-25,1338
"573",2013-07-26,1153
"574",2013-07-27,642
"575",2013-07-28,6
"576",2013-07-29,1040
"577",2013-07-30,1202
"578",2013-07-31,1468
"579",2013-08-01,1168
"580",2013-08-02,961
"581",2013-08-03,567
"582",2013-08-04,0
"583",2013-08-05,880
"584",2013-08-06,1011
"585",2013-08-07,7
"586",2013-08-08,1109
"587",2013-08-09,930
"588",2013-08-10,576
"589",2013-08-11,0
"590",2013-08-12,976
"591",2013-08-13,1207
"592",2013-08-14,1306
"593",2013-08-15,1301
"594",2013-08-16,997
"595",2013-08-17,536
"596",2013-08-18,2
"597",2013-08-19,0
"598",2013-08-20,969
"599",2013-08-21,1015
"600",2013-08-22,1149
"601",2013-08-23,1002
"602",2013-08-24,586
"603",2013-08-25,0
"604",2013-08-26,887
"605",2013-08-27,1010
"606",2013-08-28,1226
"607",2013-08-29,1252
"608",2013-08-30,1038
"609",2013-08-31,747
"610",2013-09-01,0
"611",2013-09-02,799
"612",2013-09-03,954
"613",2013-09-04,971
"614",2013-09-05,1137
"615",2013-09-06,972
"616",2013-09-07,560
"617",2013-09-08,0
"618",2013-09-09,1043
"619",2013-09-10,1172
"620",2013-09-11,1275
"621",2013-09-12,1280
"622",2013-09-13,1016
"623",2013-09-14,529
"624",2013-09-15,2
"625",2013-09-16,1002
"626",2013-09-17,978
"627",2013-09-18,1163
"628",2013-09-19,1190
"629",2013-09-20,950
"630",2013-09-21,510
"631",2013-09-22,0
"632",2013-09-23,913
"633",2013-09-24,1061
"634",2013-09-25,1225
"635",2013-09-26,1302
"636",2013-09-27,1063
"637",2013-09-28,598
"638",2013-09-29,2
"639",2013-09-30,1027
"640",2013-10-01,965
"641",2013-10-02,1038
"642",2013-10-03,1119
"643",2013-10-04,1000
"644",2013-10-05,566
"645",2013-10-06,2
"646",2013-10-07,1077
"647",2013-10-08,1200
"648",2013-10-09,1296
"649",2013-10-10,1296
"650",2013-10-11,1039
"651",2013-10-12,538
"652",2013-10-13,2
"653",2013-10-14,0
"654",2013-10-15,940
"655",2013-10-16,1027
"656",2013-10-17,1147
"657",2013-10-18,932
"658",2013-10-19,509
"659",2013-10-20,2
"660",2013-10-21,896
"661",2013-10-22,1021
"662",2013-10-23,1156
"663",2013-10-24,1230
"664",2013-10-25,1000
"665",2013-10-26,547
"666",2013-10-27,0
"667",2013-10-28,1050
"668",2013-10-29,1216
"669",2013-10-30,1518
"670",2013-10-31,1650
"671",2013-11-01,1019
"672",2013-11-02,511
"673",2013-11-03,2
"674",2013-11-04,0
"675",2013-11-05,1064
"676",2013-11-06,1126
"677",2013-11-07,1264
"678",2013-11-08,1099
"679",2013-11-09,564
"680",2013-11-10,0
"681",2013-11-11,0
"682",2013-11-12,1028
"683",2013-11-13,1230
"684",2013-11-14,1382
"685",2013-11-15,1208
"686",2013-11-16,614
"687",2013-11-17,1
"688",2013-11-18,984
"689",2013-11-19,1195
"690",2013-11-20,1358
"691",2013-11-21,1420
"692",2013-11-22,1197
"693",2013-11-23,632
"694",2013-11-24,0
"695",2013-11-25,1188
"696",2013-11-26,1218
"697",2013-11-27,1387
"698",2013-11-28,1452
"699",2013-11-29,1405
"700",2013-11-30,884
"701",2013-12-01,2
"702",2013-12-02,941
"703",2013-12-03,977
"704",2013-12-04,1151
"705",2013-12-05,1328
"706",2013-12-06,1109
"707",2013-12-07,850
"708",2013-12-08,0
"709",2013-12-09,1142
"710",2013-12-10,1193
"711",2013-12-11,1389
"712",2013-12-12,1534
"713",2013-12-13,1302
"714",2013-12-14,767
"715",2013-12-15,1
"716",2013-12-16,1139
"717",2013-12-17,1331
"718",2013-12-18,1559
"719",2013-12-19,1663
"720",2013-12-20,1394
"721",2013-12-21,1030
"722",2013-12-22,0
"723",2013-12-23,1063
"724",2013-12-24,1256
"725",2013-12-25,0
"726",2013-12-26,1542
"727",2013-12-27,1509
"728",2013-12-28,1318
"729",2013-12-29,0
"730",2013-12-30,845
"731",2013-12-31,1208
"732",2014-01-01,0
"733",2014-01-02,545
"734",2014-01-03,483
"735",2014-01-04,258
"736",2014-01-05,2
"737",2014-01-06,0
"738",2014-01-07,790
"739",2014-01-08,746
"740",2014-01-09,985
"741",2014-01-10,890
"742",2014-01-11,565
"743",2014-01-12,0
"744",2014-01-13,848
"745",2014-01-14,946
"746",2014-01-15,1064
"747",2014-01-16,1109
"748",2014-01-17,865
"749",2014-01-18,463
"750",2014-01-19,0
"751",2014-01-20,842
"752",2014-01-21,957
"753",2014-01-22,1073
"754",2014-01-23,1052
"755",2014-01-24,892
"756",2014-01-25,481
"757",2014-01-26,0
"758",2014-01-27,944
"759",2014-01-28,1024
"760",2014-01-29,1213
"761",2014-01-30,1382
"762",2014-01-31,1531
"763",2014-02-01,224
"764",2014-02-02,2
"765",2014-02-03,794
"766",2014-02-04,902
"767",2014-02-05,1094
"768",2014-02-06,1227
"769",2014-02-07,1080
"770",2014-02-08,587
"771",2014-02-09,0
"772",2014-02-10,894
"773",2014-02-11,1086
"774",2014-02-12,1130
"775",2014-02-13,1212
"776",2014-02-14,964
"777",2014-02-15,500
"778",2014-02-16,2
"779",2014-02-17,812
"780",2014-02-18,1004
"781",2014-02-19,1081
"782",2014-02-20,1147
"783",2014-02-21,989
"784",2014-02-22,558
"785",2014-02-23,1
"786",2014-02-24,819
"787",2014-02-25,1046
"788",2014-02-26,1306
"789",2014-02-27,1502
"790",2014-02-28,1561
"791",2014-03-01,272
"792",2014-03-02,2
"793",2014-03-03,794
"794",2014-03-04,872
"795",2014-03-05,1038
"796",2014-03-06,1212
"797",2014-03-07,1038
"798",2014-03-08,598
"799",2014-03-09,0
"800",2014-03-10,1005
"801",2014-03-11,1028
"802",2014-03-12,1209
"803",2014-03-13,1178
"804",2014-03-14,1001
"805",2014-03-15,521
"806",2014-03-16,2
"807",2014-03-17,991
"808",2014-03-18,990
"809",2014-03-19,1128
"810",2014-03-20,1208
"811",2014-03-21,1034
"812",2014-03-22,505
"813",2014-03-23,0
"814",2014-03-24,0
"815",2014-03-25,1096
"816",2014-03-26,1236
"817",2014-03-27,1374
"818",2014-03-28,1286
"819",2014-03-29,604
"820",2014-03-30,1
"821",2014-03-31,1183
"822",2014-04-01,1010
"823",2014-04-02,1105
"824",2014-04-03,1198
"825",2014-04-04,989
"826",2014-04-05,611
"827",2014-04-06,9
"828",2014-04-07,1014
"829",2014-04-08,1232
"830",2014-04-09,1370
"831",2014-04-10,1469
"832",2014-04-11,1147
"833",2014-04-12,616
"834",2014-04-13,6
"835",2014-04-14,994
"836",2014-04-15,1133
"837",2014-04-16,1106
"838",2014-04-17,4
"839",2014-04-18,4
"840",2014-04-19,261
"841",2014-04-20,1
"842",2014-04-21,841
"843",2014-04-22,1021
"844",2014-04-23,1214
"845",2014-04-24,1244
"846",2014-04-25,1062
"847",2014-04-26,670
"848",2014-04-27,1
"849",2014-04-28,1112
"850",2014-04-29,1434
"851",2014-04-30,1591
"852",2014-05-01,6
"853",2014-05-02,963
"854",2014-05-03,487
"855",2014-05-04,2
"856",2014-05-05,837
"857",2014-05-06,1084
"858",2014-05-07,1229
"859",2014-05-08,1288
"860",2014-05-09,1083
"861",2014-05-10,528
"862",2014-05-11,0
"863",2014-05-12,1088
"864",2014-05-13,1096
"865",2014-05-14,1142
"866",2014-05-15,1240
"867",2014-05-16,916
"868",2014-05-17,502
"869",2014-05-18,0
"870",2014-05-19,937
"871",2014-05-20,1063
"872",2014-05-21,1195
"873",2014-05-22,1268
"874",2014-05-23,1006
"875",2014-05-24,607
"876",2014-05-25,2
"877",2014-05-26,1014
"878",2014-05-27,1282
"879",2014-05-28,1635
"880",2014-05-29,1673
"881",2014-05-30,1519
"882",2014-05-31,970
"883",2014-06-01,1
"884",2014-06-02,0
"885",2014-06-03,843
"886",2014-06-04,998
"887",2014-06-05,1150
"888",2014-06-06,937
"889",2014-06-07,540
"890",2014-06-08,0
"891",2014-06-09,954
"892",2014-06-10,1188
"893",2014-06-11,1236
"894",2014-06-12,1168
"895",2014-06-13,930
"896",2014-06-14,500
"897",2014-06-15,1
"898",2014-06-16,1018
"899",2014-06-17,1158
"900",2014-06-18,1127
"901",2014-06-19,1234
"902",2014-06-20,974
"903",2014-06-21,571
"904",2014-06-22,1
"905",2014-06-23,1
"906",2014-06-24,1136
"907",2014-06-25,1176
"908",2014-06-26,1483
"909",2014-06-27,1369
"910",2014-06-28,982
"911",2014-06-29,7
"912",2014-06-30,7
"913",2014-07-01,748
"914",2014-07-02,921
"915",2014-07-03,1074
"916",2014-07-04,884
"917",2014-07-05,463
"918",2014-07-06,0
"919",2014-07-07,954
"920",2014-07-08,1084
"921",2014-07-09,1236
"922",2014-07-10,1229
"923",2014-07-11,933
"924",2014-07-12,598
"925",2014-07-13,0
"926",2014-07-14,1069
"927",2014-07-15,1069
"928",2014-07-16,1159
"929",2014-07-17,1158
"930",2014-07-18,1010
"931",2014-07-19,535
"932",2014-07-20,1
"933",2014-07-21,913
"934",2014-07-22,974
"935",2014-07-23,1234
"936",2014-07-24,1313
"937",2014-07-25,1253
"938",2014-07-26,753
"939",2014-07-27,1
"940",2014-07-28,1100
"941",2014-07-29,1438
"942",2014-07-30,1594
"943",2014-07-31,1742
"944",2014-08-01,999
"945",2014-08-02,625
"946",2014-08-03,0
"947",2014-08-04,859
"948",2014-08-05,1087
"949",2014-08-06,1208
"950",2014-08-07,8
"951",2014-08-08,1046
"952",2014-08-09,600
"953",2014-08-10,1
"954",2014-08-11,1050
"955",2014-08-12,1234
"956",2014-08-13,1318
"957",2014-08-14,1481
"958",2014-08-15,1126
"959",2014-08-16,642
"960",2014-08-17,1
"961",2014-08-18,0
"962",2014-08-19,1118
"963",2014-08-20,1124
"964",2014-08-21,1278
"965",2014-08-22,1073
"966",2014-08-23,660
"967",2014-08-24,1
"968",2014-08-25,1077
"969",2014-08-26,1293
"970",2014-08-27,1540
"971",2014-08-28,1716
"972",2014-08-29,1531
"973",2014-08-30,946
"974",2014-08-31,5
"975",2014-09-01,795
"976",2014-09-02,986
"977",2014-09-03,1183
"978",2014-09-04,1352
"979",2014-09-05,1099
"980",2014-09-06,614
"981",2014-09-07,0
"982",2014-09-08,1068
"983",2014-09-09,1271
"984",2014-09-10,1396
"985",2014-09-11,1280
"986",2014-09-12,1242
"987",2014-09-13,610
"988",2014-09-14,3
"989",2014-09-15,1011
"990",2014-09-16,1129
"991",2014-09-17,1295
"992",2014-09-18,1320
"993",2014-09-19,1052
"994",2014-09-20,580
"995",2014-09-21,1
"996",2014-09-22,973
"997",2014-09-23,1152
"998",2014-09-24,1342
"999",2014-09-25,1415
"1000",2014-09-26,1213
"1001",2014-09-27,818
"1002",2014-09-28,4
"1003",2014-09-29,1376
"1004",2014-09-30,1562
"1005",2014-10-01,1174
"1006",2014-10-02,1271
"1007",2014-10-03,1032
"1008",2014-10-04,534
"1009",2014-10-05,0
"1010",2014-10-06,1028
"1011",2014-10-07,1232
"1012",2014-10-08,1308
"1013",2014-10-09,1421
"1014",2014-10-10,1119
"1015",2014-10-11,763
"1016",2014-10-12,2
"1017",2014-10-13,2
"1018",2014-10-14,982
"1019",2014-10-15,1246
"1020",2014-10-16,1322
"1021",2014-10-17,1081
"1022",2014-10-18,614
"1023",2014-10-19,6
"1024",2014-10-20,1019
"1025",2014-10-21,1168
"1026",2014-10-22,1304
"1027",2014-10-23,1394
"1028",2014-10-24,1159
"1029",2014-10-25,667
"1030",2014-10-26,20
"1031",2014-10-27,1230
"1032",2014-10-28,1613
"1033",2014-10-29,1678
"1034",2014-10-30,1999
"1035",2014-10-31,1988
"1036",2014-11-01,500
"1037",2014-11-02,0
"1038",2014-11-03,0
"1039",2014-11-04,994
"1040",2014-11-05,1116
"1041",2014-11-06,1170
"1042",2014-11-07,1236
"1043",2014-11-08,607
"1044",2014-11-09,2
"1045",2014-11-10,857
"1046",2014-11-11,994
"1047",2014-11-12,1253
"1048",2014-11-13,1545
"1049",2014-11-14,1218
"1050",2014-11-15,754
"1051",2014-11-16,6
"1052",2014-11-17,6
"1053",2014-11-18,1306
"1054",2014-11-19,1151
"1055",2014-11-20,1308
"1056",2014-11-21,1130
"1057",2014-11-22,744
"1058",2014-11-23,1
"1059",2014-11-24,1231
"1060",2014-11-25,1640
"1061",2014-11-26,1636
"1062",2014-11-27,1816
"1063",2014-11-28,1893
"1064",2014-11-29,1157
"1065",2014-11-30,17
"1066",2014-12-01,801
"1067",2014-12-02,924
"1068",2014-12-03,1250
"1069",2014-12-04,1532
"1070",2014-12-05,1294
"1071",2014-12-06,957
"1072",2014-12-07,0
"1073",2014-12-08,0
"1074",2014-12-09,1072
"1075",2014-12-10,1626
"1076",2014-12-11,1884
"1077",2014-12-12,1597
"1078",2014-12-13,1229
"1079",2014-12-14,6
"1080",2014-12-15,1447
"1081",2014-12-16,1620
"1082",2014-12-17,1900
"1083",2014-12-18,1999
"1084",2014-12-19,1733
"1085",2014-12-20,1249
"1086",2014-12-21,6
"1087",2014-12-22,1605
"1088",2014-12-23,1812
"1089",2014-12-24,1848
"1090",2014-12-25,0
"1091",2014-12-26,1630
"1092",2014-12-27,1478
"1093",2014-12-28,18
"1094",2014-12-29,2010
"1095",2014-12-30,2240
"1096",2014-12-31,1931
"1097",2015-01-01,0
"1098",2015-01-02,598
"1099",2015-01-03,422
"1100",2015-01-04,0
"1101",2015-01-05,665
"1102",2015-01-06,768
"1103",2015-01-07,992
"1104",2015-01-08,1098
"1105",2015-01-09,951
"1106",2015-01-10,536
"1107",2015-01-11,1
"1108",2015-01-12,1
"1109",2015-01-13,1010
"1110",2015-01-14,1030
"1111",2015-01-15,1119
"1112",2015-01-16,926
"1113",2015-01-17,568
"1114",2015-01-18,6
"1115",2015-01-19,840
"1116",2015-01-20,1018
"1117",2015-01-21,1098
"1118",2015-01-22,1030
"1119",2015-01-23,815
"1120",2015-01-24,529
"1121",2015-01-25,6
"1122",2015-01-26,959
"1123",2015-01-27,1055
"1124",2015-01-28,1207
"1125",2015-01-29,1297
"1126",2015-01-30,1320
"1127",2015-01-31,1180
"1128",2015-02-01,0
"1129",2015-02-02,596
"1130",2015-02-03,931
"1131",2015-02-04,1014
"1132",2015-02-05,1135
"1133",2015-02-06,909
"1134",2015-02-07,541
"1135",2015-02-08,0
"1136",2015-02-09,730
"1137",2015-02-10,998
"1138",2015-02-11,1133
"1139",2015-02-12,1097
"1140",2015-02-13,945
"1141",2015-02-14,534
"1142",2015-02-15,0
"1143",2015-02-16,802
"1144",2015-02-17,960
"1145",2015-02-18,1095
"1146",2015-02-19,1096
"1147",2015-02-20,950
"1148",2015-02-21,522
"1149",2015-02-22,6
"1150",2015-02-23,870
"1151",2015-02-24,1011
"1152",2015-02-25,1170
"1153",2015-02-26,1349
"1154",2015-02-27,1348
"1155",2015-02-28,920
"1156",2015-03-01,0
"1157",2015-03-02,720
"1158",2015-03-03,880
"1159",2015-03-04,1136
"1160",2015-03-05,1145
"1161",2015-03-06,978
"1162",2015-03-07,433
"1163",2015-03-08,0
"1164",2015-03-09,802
"1165",2015-03-10,948
"1166",2015-03-11,1115
"1167",2015-03-12,1166
"1168",2015-03-13,932
"1169",2015-03-14,511
"1170",2015-03-15,3
"1171",2015-03-16,779
"1172",2015-03-17,984
"1173",2015-03-18,1074
"1174",2015-03-19,1123
"1175",2015-03-20,934
"1176",2015-03-21,526
"1177",2015-03-22,8
"1178",2015-03-23,6
"1179",2015-03-24,1021
"1180",2015-03-25,1094
"1181",2015-03-26,1296
"1182",2015-03-27,1307
"1183",2015-03-28,834
"1184",2015-03-29,7
"1185",2015-03-30,1292
"1186",2015-03-31,1460
"1187",2015-04-01,1031
"1188",2015-04-02,0
"1189",2015-04-03,0
"1190",2015-04-04,384
"1191",2015-04-05,0
"1192",2015-04-06,684
"1193",2015-04-07,846
"1194",2015-04-08,1004
"1195",2015-04-09,1105
"1196",2015-04-10,934
"1197",2015-04-11,512
"1198",2015-04-12,0
"1199",2015-04-13,846
"1200",2015-04-14,1014
"1201",2015-04-15,1101
"1202",2015-04-16,1124
"1203",2015-04-17,903
"1204",2015-04-18,494
"1205",2015-04-19,3
"1206",2015-04-20,812
"1207",2015-04-21,889
"1208",2015-04-22,1034
"1209",2015-04-23,1060
"1210",2015-04-24,918
"1211",2015-04-25,572
"1212",2015-04-26,7
"1213",2015-04-27,1098
"1214",2015-04-28,1201
"1215",2015-04-29,1516
"1216",2015-04-30,1522
"1217",2015-05-01,0
"1218",2015-05-02,190
"1219",2015-05-03,0
"1220",2015-05-04,638
"1221",2015-05-05,820
"1222",2015-05-06,1014
"1223",2015-05-07,1124
"1224",2015-05-08,954
"1225",2015-05-09,737
"1226",2015-05-10,0
"1227",2015-05-11,935
"1228",2015-05-12,1027
"1229",2015-05-13,1134
"1230",2015-05-14,1151
"1231",2015-05-15,960
"1232",2015-05-16,554
"1233",2015-05-17,3
"1234",2015-05-18,3
"1235",2015-05-19,882
"1236",2015-05-20,983
"1237",2015-05-21,1087
"1238",2015-05-22,897
"1239",2015-05-23,566
"1240",2015-05-24,2
"1241",2015-05-25,898
"1242",2015-05-26,1165
"1243",2015-05-27,1268
"1244",2015-05-28,1463
"1245",2015-05-29,1348
"1246",2015-05-30,866
"1247",2015-05-31,2
"1248",2015-06-01,634
"1249",2015-06-02,804
"1250",2015-06-03,949
"1251",2015-06-04,1100
"1252",2015-06-05,954
"1253",2015-06-06,534
"1254",2015-06-07,1
"1255",2015-06-08,6
"1256",2015-06-09,1076
"1257",2015-06-10,1112
"1258",2015-06-11,1206
"1259",2015-06-12,1034
"1260",2015-06-13,592
"1261",2015-06-14,6
"1262",2015-06-15,0
"1263",2015-06-16,914
"1264",2015-06-17,996
"1265",2015-06-18,1106
"1266",2015-06-19,966
"1267",2015-06-20,546
"1268",2015-06-21,0
"1269",2015-06-22,880
"1270",2015-06-23,1071
"1271",2015-06-24,1283
"1272",2015-06-25,1384
"1273",2015-06-26,1284
"1274",2015-06-27,775
"1275",2015-06-28,2
"1276",2015-06-29,4
"1277",2015-06-30,1346
"1278",2015-07-01,895
"1279",2015-07-02,1007
"1280",2015-07-03,894
"1281",2015-07-04,731
"1282",2015-07-05,1
"1283",2015-07-06,796
"1284",2015-07-07,948
"1285",2015-07-08,1174
"1286",2015-07-09,1229
"1287",2015-07-10,1008
"1288",2015-07-11,816
"1289",2015-07-12,6
"1290",2015-07-13,885
"1291",2015-07-14,976
"1292",2015-07-15,1135
"1293",2015-07-16,1145
"1294",2015-07-17,912
"1295",2015-07-18,521
"1296",2015-07-19,1
"1297",2015-07-20,0
"1298",2015-07-21,921
"1299",2015-07-22,1084
"1300",2015-07-23,1236
"1301",2015-07-24,1070
"1302",2015-07-25,572
"1303",2015-07-26,4
"1304",2015-07-27,944
"1305",2015-07-28,1365
"1306",2015-07-29,1376
"1307",2015-07-30,1850
"1308",2015-07-31,1716
"1309",2015-08-01,233
"1310",2015-08-02,1
"1311",2015-08-03,679
"1312",2015-08-04,907
"1313",2015-08-05,1096
"1314",2015-08-06,1158
"1315",2015-08-07,8
"1316",2015-08-08,272
"1317",2015-08-09,0
"1318",2015-08-10,934
"1319",2015-08-11,1065
"1320",2015-08-12,1084
"1321",2015-08-13,1167
"1322",2015-08-14,950
"1323",2015-08-15,520
"1324",2015-08-16,2
"1325",2015-08-17,1
"1326",2015-08-18,973
"1327",2015-08-19,985
"1328",2015-08-20,1120
"1329",2015-08-21,934
"1330",2015-08-22,548
"1331",2015-08-23,3
"1332",2015-08-24,852
"1333",2015-08-25,1071
"1334",2015-08-26,1245
"1335",2015-08-27,1318
"1336",2015-08-28,1102
"1337",2015-08-29,858
"1338",2015-08-30,5
"1339",2015-08-31,1241
"1340",2015-09-01,852
"1341",2015-09-02,951
"1342",2015-09-03,955
"1343",2015-09-04,817
"1344",2015-09-05,496
"1345",2015-09-06,0
"1346",2015-09-07,869
"1347",2015-09-08,1059
"1348",2015-09-09,1133
"1349",2015-09-10,1144
"1350",2015-09-11,957
"1351",2015-09-12,550
"1352",2015-09-13,2
"1353",2015-09-14,827
"1354",2015-09-15,916
"1355",2015-09-16,1052
"1356",2015-09-17,1064
"1357",2015-09-18,866
"1358",2015-09-19,486
"1359",2015-09-20,1
"1360",2015-09-21,737
"1361",2015-09-22,920
"1362",2015-09-23,1088
"1363",2015-09-24,1068
"1364",2015-09-25,1007
"1365",2015-09-26,575
"1366",2015-09-27,12
"1367",2015-09-28,1183
"1368",2015-09-29,1375
"1369",2015-09-30,1493
"1370",2015-10-01,860
"1371",2015-10-02,758
"1372",2015-10-03,639
"1373",2015-10-04,5
"1374",2015-10-05,825
"1375",2015-10-06,929
"1376",2015-10-07,947
"1377",2015-10-08,966
"1378",2015-10-09,819
"1379",2015-10-10,510
"1380",2015-10-11,1
"1381",2015-10-12,1
"1382",2015-10-13,957
"1383",2015-10-14,1035
"1384",2015-10-15,1054
"1385",2015-10-16,856
"1386",2015-10-17,456
"1387",2015-10-18,1
"1388",2015-10-19,706
"1389",2015-10-20,895
"1390",2015-10-21,1018
"1391",2015-10-22,999
"1392",2015-10-23,857
"1393",2015-10-24,498
"1394",2015-10-25,6
"1395",2015-10-26,880
"1396",2015-10-27,1098
"1397",2015-10-28,1450
"1398",2015-10-29,1375
"1399",2015-10-30,1278
"1400",2015-10-31,882
"1401",2015-11-01,4
"1402",2015-11-02,4
"1403",2015-11-03,748
"1404",2015-11-04,802
"1405",2015-11-05,918
"1406",2015-11-06,808
"1407",2015-11-07,664
"1408",2015-11-08,1
"1409",2015-11-09,804
"1410",2015-11-10,904
"1411",2015-11-11,1038
"1412",2015-11-12,1066
"1413",2015-11-13,867
"1414",2015-11-14,431
"1415",2015-11-15,4
"1416",2015-11-16,0
"1417",2015-11-17,795
"1418",2015-11-18,929
"1419",2015-11-19,1039
"1420",2015-11-20,863
"1421",2015-11-21,522
"1422",2015-11-22,8
"1423",2015-11-23,829
"1424",2015-11-24,1033
"1425",2015-11-25,1196
"1426",2015-11-26,1258
"1427",2015-11-27,1214
"1428",2015-11-28,754
"1429",2015-11-29,7
"1430",2015-11-30,1596
"1431",2015-12-01,664
"1432",2015-12-02,866
"1433",2015-12-03,1024
"1434",2015-12-04,918
"1435",2015-12-05,574
"1436",2015-12-06,0
"1437",2015-12-07,940
"1438",2015-12-08,1
"1439",2015-12-09,1194
"1440",2015-12-10,1192
"1441",2015-12-11,1015
"1442",2015-12-12,553
"1443",2015-12-13,6
"1444",2015-12-14,1098
"1445",2015-12-15,1120
"1446",2015-12-16,1279
"1447",2015-12-17,1423
"1448",2015-12-18,1188
"1449",2015-12-19,696
"1450",2015-12-20,1
"1451",2015-12-21,1128
"1452",2015-12-22,1484
"1453",2015-12-23,1524
"1454",2015-12-24,1372
"1455",2015-12-25,2
"1456",2015-12-26,679
"1457",2015-12-27,1
"1458",2015-12-28,1596
"1459",2015-12-29,2026
"1460",2015-12-30,1963
"1461",2015-12-31,2033
"1462",2016-01-01,0
"1463",2016-01-02,336
"1464",2016-01-03,4
"1465",2016-01-04,214
"1466",2016-01-05,368
"1467",2016-01-06,469
"1468",2016-01-07,646
"1469",2016-01-08,587
"1470",2016-01-09,378
"1471",2016-01-10,4
"1472",2016-01-11,4
"1473",2016-01-12,777
"1474",2016-01-13,868
"1475",2016-01-14,978
"1476",2016-01-15,815
"1477",2016-01-16,449
"1478",2016-01-17,0
"1479",2016-01-18,773
"1480",2016-01-19,812
"1481",2016-01-20,955
"1482",2016-01-21,941
"1483",2016-01-22,796
"1484",2016-01-23,446
"1485",2016-01-24,0
"1486",2016-01-25,949
"1487",2016-01-26,866
"1488",2016-01-27,1058
"1489",2016-01-28,1207
"1490",2016-01-29,1239
"1491",2016-01-30,1017
"1492",2016-01-31,0
"1493",2016-02-01,472
"1494",2016-02-02,634
"1495",2016-02-03,803
"1496",2016-02-04,860
"1497",2016-02-05,720
"1498",2016-02-06,388
"1499",2016-02-07,5
"1500",2016-02-08,577
"1501",2016-02-09,715
"1502",2016-02-10,897
"1503",2016-02-11,952
"1504",2016-02-12,796
"1505",2016-02-13,462
"1506",2016-02-14,0
"1507",2016-02-15,732
"1508",2016-02-16,869
"1509",2016-02-17,908
"1510",2016-02-18,980
"1511",2016-02-19,765
"1512",2016-02-20,445
"1513",2016-02-21,0
"1514",2016-02-22,741
"1515",2016-02-23,920
"1516",2016-02-24,1038
"1517",2016-02-25,1205
"1518",2016-02-26,1082
"1519",2016-02-27,645
"1520",2016-02-28,0
"1521",2016-02-29,914
"1522",2016-03-01,658
"1523",2016-03-02,769
"1524",2016-03-03,893
"1525",2016-03-04,732
"1526",2016-03-05,386
"1527",2016-03-06,6
"1528",2016-03-07,719
"1529",2016-03-08,808
"1530",2016-03-09,922
"1531",2016-03-10,941
"1532",2016-03-11,768
"1533",2016-03-12,420
"1534",2016-03-13,0
"1535",2016-03-14,767
"1536",2016-03-15,890
"1537",2016-03-16,1032
"1538",2016-03-17,1098
"1539",2016-03-18,900
"1540",2016-03-19,485
"1541",2016-03-20,0
"1542",2016-03-21,0
"1543",2016-03-22,771
"1544",2016-03-23,851
"1545",2016-03-24,0
"1546",2016-03-25,0
"1547",2016-03-26,223
"1548",2016-03-27,1
"1549",2016-03-28,943
"1550",2016-03-29,950
"1551",2016-03-30,1323
"1552",2016-03-31,1464
"1553",2016-04-01,680
"1554",2016-04-02,282
"1555",2016-04-03,2
"1556",2016-04-04,578
"1557",2016-04-05,732
"1558",2016-04-06,839
"1559",2016-04-07,931
"1560",2016-04-08,744
"1561",2016-04-09,391
"1562",2016-04-10,0
"1563",2016-04-11,721
"1564",2016-04-12,745
"1565",2016-04-13,867
"1566",2016-04-14,916
"1567",2016-04-15,724
"1568",2016-04-16,414
"1569",2016-04-17,0
"1570",2016-04-18,693
"1571",2016-04-19,794
"1572",2016-04-20,909
"1573",2016-04-21,947
"1574",2016-04-22,772
"1575",2016-04-23,350
"1576",2016-04-24,0
"1577",2016-04-25,741
"1578",2016-04-26,971
"1579",2016-04-27,1150
"1580",2016-04-28,1354
"1581",2016-04-29,1307
"1582",2016-04-30,960
"1583",2016-05-01,6
"1584",2016-05-02,475
"1585",2016-05-03,613
"1586",2016-05-04,839
"1587",2016-05-05,938
"1588",2016-05-06,780
"1589",2016-05-07,412
"1590",2016-05-08,3
"1591",2016-05-09,0
"1592",2016-05-10,755
"1593",2016-05-11,877
"1594",2016-05-12,930
"1595",2016-05-13,752
"1596",2016-05-14,388
"1597",2016-05-15,0
"1598",2016-05-16,721
"1599",2016-05-17,789
"1600",2016-05-18,891
"1601",2016-05-19,943
"1602",2016-05-20,750
"1603",2016-05-21,404
"1604",2016-05-22,0
"1605",2016-05-23,739
"1606",2016-05-24,928
"1607",2016-05-25,1127
"1608",2016-05-26,1240
"1609",2016-05-27,1165
"1610",2016-05-28,725
"1611",2016-05-29,0
"1612",2016-05-30,0
"1613",2016-05-31,1292
"1614",2016-06-01,700
"1615",2016-06-02,775
"1616",2016-06-03,600
"1617",2016-06-04,371
"1618",2016-06-05,3
"1619",2016-06-06,3
"1620",2016-06-07,677
"1621",2016-06-08,843
"1622",2016-06-09,862
"1623",2016-06-10,786
"1624",2016-06-11,430
"1625",2016-06-12,0
"1626",2016-06-13,726
"1627",2016-06-14,824
"1628",2016-06-15,854
"1629",2016-06-16,856
"1630",2016-06-17,709
"1631",2016-06-18,391
"1632",2016-06-19,1
"1633",2016-06-20,682
"1634",2016-06-21,807
"1635",2016-06-22,962
"1636",2016-06-23,924
"1637",2016-06-24,768
"1638",2016-06-25,456
"1639",2016-06-26,0
"1640",2016-06-27,905
"1641",2016-06-28,1097
"1642",2016-06-29,1464
"1643",2016-06-30,1630
"1644",2016-07-01,595
"1645",2016-07-02,232
"1646",2016-07-03,3
"1647",2016-07-04,0
"1648",2016-07-05,668
"1649",2016-07-06,698
"1650",2016-07-07,810
"1651",2016-07-08,727
"1652",2016-07-09,385
"1653",2016-07-10,0
"1654",2016-07-11,741
"1655",2016-07-12,762
"1656",2016-07-13,802
"1657",2016-07-14,809
"1658",2016-07-15,676
"1659",2016-07-16,378
"1660",2016-07-17,0
"1661",2016-07-18,680
"1662",2016-07-19,721
"1663",2016-07-20,0
"1664",2016-07-21,906
"1665",2016-07-22,726
"1666",2016-07-23,414
"1667",2016-07-24,0
"1668",2016-07-25,826
"1669",2016-07-26,955
"1670",2016-07-27,1213
"1671",2016-07-28,1566
"1672",2016-07-29,1247
"1673",2016-07-30,851
"1674",2016-07-31,5
"1675",2016-08-01,603
"1676",2016-08-02,626
"1677",2016-08-03,833
"1678",2016-08-04,850
"1679",2016-08-05,750
"1680",2016-08-06,368
"1681",2016-08-07,0
"1682",2016-08-08,752
"1683",2016-08-09,864
"1684",2016-08-10,923
"1685",2016-08-11,917
"1686",2016-08-12,799
"1687",2016-08-13,414
"1688",2016-08-14,0
"1689",2016-08-15,0
"1690",2016-08-16,820
"1691",2016-08-17,865
"1692",2016-08-18,922
"1693",2016-08-19,788
"1694",2016-08-20,426
"1695",2016-08-21,0
"1696",2016-08-22,778
"1697",2016-08-23,907
"1698",2016-08-24,1019
"1699",2016-08-25,1036
"1700",2016-08-26,901
"1701",2016-08-27,468
"1702",2016-08-28,0
"1703",2016-08-29,1001
"1704",2016-08-30,1366
"1705",2016-08-31,1551
"1706",2016-09-01,818
"1707",2016-09-02,631
"1708",2016-09-03,314
"1709",2016-09-04,0
"1710",2016-09-05,674
"1711",2016-09-06,774
"1712",2016-09-07,914
"1713",2016-09-08,937
"1714",2016-09-09,757
"1715",2016-09-10,409
"1716",2016-09-11,0
"1717",2016-09-12,699
"1718",2016-09-13,809
"1719",2016-09-14,894
"1720",2016-09-15,868
"1721",2016-09-16,706
"1722",2016-09-17,371
"1723",2016-09-18,0
"1724",2016-09-19,730
"1725",2016-09-20,784
"1726",2016-09-21,866
"1727",2016-09-22,940
"1728",2016-09-23,757
"1729",2016-09-24,430
"1730",2016-09-25,0
"1731",2016-09-26,853
"1732",2016-09-27,961
"1733",2016-09-28,1184
"1734",2016-09-29,1439
"1735",2016-09-30,1594
"1736",2016-10-01,330
"1737",2016-10-02,0
"1738",2016-10-03,526
"1739",2016-10-04,700
"1740",2016-10-05,834
"1741",2016-10-06,871
"1742",2016-10-07,714
"1743",2016-10-08,386
"1744",2016-10-09,2
"1745",2016-10-10,658
"1746",2016-10-11,814
"1747",2016-10-12,861
"1748",2016-10-13,880
"1749",2016-10-14,703
"1750",2016-10-15,376
"1751",2016-10-16,0
"1752",2016-10-17,0
"1753",2016-10-18,713
"1754",2016-10-19,816
"1755",2016-10-20,890
"1756",2016-10-21,782
"1757",2016-10-22,386
"1758",2016-10-23,6
"1759",2016-10-24,734
"1760",2016-10-25,927
"1761",2016-10-26,1060
"1762",2016-10-27,1222
"1763",2016-10-28,1237
"1764",2016-10-29,662
"1765",2016-10-30,1
"1766",2016-10-31,1221
"1767",2016-11-01,602
"1768",2016-11-02,721
"1769",2016-11-03,807
"1770",2016-11-04,736
"1771",2016-11-05,408
"1772",2016-11-06,0
"1773",2016-11-07,0
"1774",2016-11-08,912
"1775",2016-11-09,997
"1776",2016-11-10,904
"1777",2016-11-11,870
"1778",2016-11-12,460
"1779",2016-11-13,5
"1780",2016-11-14,5
"1781",2016-11-15,956
"1782",2016-11-16,1062
"1783",2016-11-17,1139
"1784",2016-11-18,973
"1785",2016-11-19,465
"1786",2016-11-20,0
"1787",2016-11-21,938
"1788",2016-11-22,1140
"1789",2016-11-23,1240
"1790",2016-11-24,1303
"1791",2016-11-25,1127
"1792",2016-11-26,643
"1793",2016-11-27,1
"1794",2016-11-28,1481
"1795",2016-11-29,1956
"1796",2016-11-30,2246
"1797",2016-12-01,916
"1798",2016-12-02,748
"1799",2016-12-03,426
"1800",2016-12-04,1
"1801",2016-12-05,884
"1802",2016-12-06,1065
"1803",2016-12-07,1114
"1804",2016-12-08,3
"1805",2016-12-09,925
"1806",2016-12-10,537
"1807",2016-12-11,5
"1808",2016-12-12,1042
"1809",2016-12-13,1260
"1810",2016-12-14,1445
"1811",2016-12-15,1473
"1812",2016-12-16,1154
"1813",2016-12-17,626
"1814",2016-12-18,1
"1815",2016-12-19,1132
"1816",2016-12-20,1361
"1817",2016-12-21,1496
"1818",2016-12-22,1510
"1819",2016-12-23,1222
"1820",2016-12-24,738
"1821",2016-12-25,1
"1822",2016-12-26,1374
"1823",2016-12-27,1826
"1824",2016-12-28,2761
"1825",2016-12-29,2606
"1826",2016-12-30,1424
"1827",2016-12-31,372
"1828",2017-01-01,0
"1829",2017-01-02,213
"1830",2017-01-03,294
"1831",2017-01-04,346
"1832",2017-01-05,546
"1833",2017-01-06,541
"1834",2017-01-07,346
"1835",2017-01-08,1
"1836",2017-01-09,1
"1837",2017-01-10,732
"1838",2017-01-11,781
"1839",2017-01-12,922
"1840",2017-01-13,788
"1841",2017-01-14,438
"1842",2017-01-15,1
"1843",2017-01-16,787
"1844",2017-01-17,864
"1845",2017-01-18,888
"1846",2017-01-19,866
"1847",2017-01-20,690
"1848",2017-01-21,383
"1849",2017-01-22,0
"1850",2017-01-23,789
"1851",2017-01-24,788
"1852",2017-01-25,875
"1853",2017-01-26,872
"1854",2017-01-27,792
"1855",2017-01-28,624
"1856",2017-01-29,1
"1857",2017-01-30,1433
"1858",2017-01-31,1433
"1859",2017-02-01,506
"1860",2017-02-02,689
"1861",2017-02-03,593
"1862",2017-02-04,327
"1863",2017-02-05,0
"1864",2017-02-06,719
"1865",2017-02-07,758
"1866",2017-02-08,844
"1867",2017-02-09,866
"1868",2017-02-10,710
"1869",2017-02-11,388
"1870",2017-02-12,1
"1871",2017-02-13,778
"1872",2017-02-14,814
"1873",2017-02-15,840
"1874",2017-02-16,844
"1875",2017-02-17,656
"1876",2017-02-18,330
"1877",2017-02-19,0
"1878",2017-02-20,749
"1879",2017-02-21,751
"1880",2017-02-22,854
"1881",2017-02-23,922
"1882",2017-02-24,788
"1883",2017-02-25,468
"1884",2017-02-26,1
"1885",2017-02-27,1152
"1886",2017-02-28,1464
"1887",2017-03-01,646
"1888",2017-03-02,653
"1889",2017-03-03,578
"1890",2017-03-04,300
"1891",2017-03-05,0
"1892",2017-03-06,622
"1893",2017-03-07,788
"1894",2017-03-08,852
"1895",2017-03-09,884
"1896",2017-03-10,720
"1897",2017-03-11,406
"1898",2017-03-12,1
"1899",2017-03-13,751
"1900",2017-03-14,835
"1901",2017-03-15,904
"1902",2017-03-16,890
"1903",2017-03-17,686
"1904",2017-03-18,298
"1905",2017-03-19,0
"1906",2017-03-20,0
"1907",2017-03-21,748
"1908",2017-03-22,819
"1909",2017-03-23,893
"1910",2017-03-24,817
"1911",2017-03-25,447
"1912",2017-03-26,4
"1913",2017-03-27,868
"1914",2017-03-28,1232
"1915",2017-03-29,1212
"1916",2017-03-30,1510
"1917",2017-03-31,1557
"1918",2017-04-01,286
"1919",2017-04-02,2
"1920",2017-04-03,523
"1921",2017-04-04,555
"1922",2017-04-05,752
"1923",2017-04-06,882
"1924",2017-04-07,770
"1925",2017-04-08,426
"1926",2017-04-09,0
"1927",2017-04-10,743
"1928",2017-04-11,761
"1929",2017-04-12,864
"1930",2017-04-13,0
"1931",2017-04-14,0
"1932",2017-04-15,142
"1933",2017-04-16,0
"1934",2017-04-17,659
"1935",2017-04-18,726
"1936",2017-04-19,771
"1937",2017-04-20,844
"1938",2017-04-21,688
"1939",2017-04-22,420
"1940",2017-04-23,1
"1941",2017-04-24,760
"1942",2017-04-25,925
"1943",2017-04-26,1094
"1944",2017-04-27,1301
"1945",2017-04-28,1258
"1946",2017-04-29,998
"1947",2017-04-30,4
"1948",2017-05-01,0
"1949",2017-05-02,559
"1950",2017-05-03,642
"1951",2017-05-04,803
"1952",2017-05-05,706
"1953",2017-05-06,371
"1954",2017-05-07,0
"1955",2017-05-08,665
"1956",2017-05-09,826
"1957",2017-05-10,809
"1958",2017-05-11,877
"1959",2017-05-12,700
"1960",2017-05-13,325
"1961",2017-05-14,0
"1962",2017-05-15,663
"1963",2017-05-16,726
"1964",2017-05-17,822
"1965",2017-05-18,843
"1966",2017-05-19,738
"1967",2017-05-20,404
"1968",2017-05-21,1
"1969",2017-05-22,719
"1970",2017-05-23,889
"1971",2017-05-24,1016
"1972",2017-05-25,1106
"1973",2017-05-26,1094
"1974",2017-05-27,669
"1975",2017-05-28,3
"1976",2017-05-29,3
"1977",2017-05-30,1469
"1978",2017-05-31,1555
"1979",2017-06-01,645
"1980",2017-06-02,553
"1981",2017-06-03,272
"1982",2017-06-04,3
"1983",2017-06-05,564
"1984",2017-06-06,722
"1985",2017-06-07,791
"1986",2017-06-08,840
"1987",2017-06-09,689
"1988",2017-06-10,370
"1989",2017-06-11,0
"1990",2017-06-12,679
"1991",2017-06-13,764
"1992",2017-06-14,827
"1993",2017-06-15,840
"1994",2017-06-16,724
"1995",2017-06-17,400
"1996",2017-06-18,1
"1997",2017-06-19,1
"1998",2017-06-20,849
"1999",2017-06-21,892
"2000",2017-06-22,1012
"2001",2017-06-23,792
"2002",2017-06-24,484
"2003",2017-06-25,0
"2004",2017-06-26,0
"2005",2017-06-27,1010
"2006",2017-06-28,1166
"2007",2017-06-29,1726
"2008",2017-06-30,1558
"2009",2017-07-01,131
"2010",2017-07-02,0
"2011",2017-07-03,0
"2012",2017-07-04,578
"2013",2017-07-05,632
"2014",2017-07-06,775
"2015",2017-07-07,661
"2016",2017-07-08,361
"2017",2017-07-09,0
"2018",2017-07-10,680
"2019",2017-07-11,777
"2020",2017-07-12,838
"2021",2017-07-13,872
"2022",2017-07-14,729
"2023",2017-07-15,430
"2024",2017-07-16,1
"2025",2017-07-17,704
"2026",2017-07-18,792
"2027",2017-07-19,892
"2028",2017-07-20,0
"2029",2017-07-21,750
"2030",2017-07-22,382
"2031",2017-07-23,0
"2032",2017-07-24,806
"2033",2017-07-25,903
"2034",2017-07-26,1156
"2035",2017-07-27,1308
"2036",2017-07-28,1495
"2037",2017-07-29,760
"2038",2017-07-30,0
"2039",2017-07-31,1255
"2040",2017-08-01,586
"2041",2017-08-02,692
"2042",2017-08-03,789
"2043",2017-08-04,622
"2044",2017-08-05,358
"2045",2017-08-06,0
"2046",2017-08-07,0
"2047",2017-08-08,753
"2048",2017-08-09,843
"2049",2017-08-10,900
"2050",2017-08-11,775
"2051",2017-08-12,386
"2052",2017-08-13,0
"2053",2017-08-14,740
"2054",2017-08-15,821
"2055",2017-08-16,932
"2056",2017-08-17,922
"2057",2017-08-18,742
"2058",2017-08-19,384
"2059",2017-08-20,0
"2060",2017-08-21,1
"2061",2017-08-22,814
"2062",2017-08-23,896
"2063",2017-08-24,1032
"2064",2017-08-25,897
"2065",2017-08-26,502
"2066",2017-08-27,0
"2067",2017-08-28,1216
"2068",2017-08-29,1130
"2069",2017-08-30,1530
"2070",2017-08-31,1600
"2071",2017-09-01,599
"2072",2017-09-02,276
"2073",2017-09-03,0
"2074",2017-09-04,562
"2075",2017-09-05,657
"2076",2017-09-06,712
"2077",2017-09-07,749
"2078",2017-09-08,598
"2079",2017-09-09,366
"2080",2017-09-10,2
"2081",2017-09-11,669
"2082",2017-09-12,795
"2083",2017-09-13,877
"2084",2017-09-14,880
"2085",2017-09-15,691
"2086",2017-09-16,342
"2087",2017-09-17,0
"2088",2017-09-18,663
"2089",2017-09-19,668
"2090",2017-09-20,780
"2091",2017-09-21,786
"2092",2017-09-22,679
"2093",2017-09-23,376
"2094",2017-09-24,0
"2095",2017-09-25,814
"2096",2017-09-26,954
"2097",2017-09-27,1119
"2098",2017-09-28,1300
"2099",2017-09-29,1246
"2100",2017-09-30,782
"2101",2017-10-01,0
"2102",2017-10-02,467
"2103",2017-10-03,591
"2104",2017-10-04,723
"2105",2017-10-05,715
"2106",2017-10-06,656
"2107",2017-10-07,361
"2108",2017-10-08,2
"2109",2017-10-09,668
"2110",2017-10-10,759
"2111",2017-10-11,883
"2112",2017-10-12,888
"2113",2017-10-13,696
"2114",2017-10-14,372
"2115",2017-10-15,0
"2116",2017-10-16,0
"2117",2017-10-17,664
"2118",2017-10-18,709
"2119",2017-10-19,818
"2120",2017-10-20,668
"2121",2017-10-21,380
"2122",2017-10-22,2
"2123",2017-10-23,709
"2124",2017-10-24,847
"2125",2017-10-25,1008
"2126",2017-10-26,1118
"2127",2017-10-27,1026
"2128",2017-10-28,693
"2129",2017-10-29,2
"2130",2017-10-30,1705
"2131",2017-10-31,1756
"2132",2017-11-01,672
"2133",2017-11-02,714
"2134",2017-11-03,606
"2135",2017-11-04,358
"2136",2017-11-05,2
"2137",2017-11-06,2
"2138",2017-11-07,755
"2139",2017-11-08,841
"2140",2017-11-09,923
"2141",2017-11-10,741
"2142",2017-11-11,361
"2143",2017-11-12,0
"2144",2017-11-13,0
"2145",2017-11-14,743
"2146",2017-11-15,841
"2147",2017-11-16,932
"2148",2017-11-17,796
"2149",2017-11-18,411
"2150",2017-11-19,1
"2151",2017-11-20,748
"2152",2017-11-21,924
"2153",2017-11-22,1133
"2154",2017-11-23,1238
"2155",2017-11-24,1117
"2156",2017-11-25,624
"2157",2017-11-26,1
"2158",2017-11-27,1035
"2159",2017-11-28,1310
"2160",2017-11-29,2031
"2161",2017-11-30,2299
"2162",2017-12-01,664
"2163",2017-12-02,335
"2164",2017-12-03,1
"2165",2017-12-04,716
"2166",2017-12-05,738
"2167",2017-12-06,918
"2168",2017-12-07,947
"2169",2017-12-08,10
"2170",2017-12-09,430
"2171",2017-12-10,0
"2172",2017-12-11,878
"2173",2017-12-12,897
"2174",2017-12-13,1056
"2175",2017-12-14,1096
"2176",2017-12-15,880
"2177",2017-12-16,513
"2178",2017-12-17,1
"2179",2017-12-18,1028
"2180",2017-12-19,1188
"2181",2017-12-20,1369
"2182",2017-12-21,1499
"2183",2017-12-22,1248
"2184",2017-12-23,720
"2185",2017-12-24,1
"2186",2017-12-25,1
"2187",2017-12-26,1648
"2188",2017-12-27,2132
"2189",2017-12-28,2403
"2190",2017-12-29,1379
"2191",2017-12-30,388
"2192",2017-12-31,1
